season,award,placement,team,player,percentage
MLTP S10,Most Valuable Ball,1,,GriefSeeds,
MLTP S10,Most Valuable Ball,2,,LEBRON*JAMES,
MLTP S10,Most Valuable Ball,3,,Stojakovic,
MLTP S10,Offensive Ball of the Season,1,,LEBRON*JAMES,
MLTP S10,Offensive Ball of the Season,2,,i'm high,
MLTP S10,Offensive Ball of the Season,2,,Stojakovic,
MLTP S10,Defensive Ball of the Season,1,,GriefSeeds,
MLTP S10,Defensive Ball of the Season,2,,Abe Lincoln,
MLTP S10,Defensive Ball of the Season,3,,Crippy,
MLTP S10,Offensive Rookie of the Season,1,,Ball God,
MLTP S10,Offensive Rookie of the Season,2,,ProTagonist_,
MLTP S10,Offensive Rookie of the Season,3,,toasty,
MLTP S10,Defensive Rookie of the Season,1,,Abe Lincoln,
MLTP S10,Defensive Rookie of the Season,2,,yank,
MLTP S10,Defensive Rookie of the Season,2,,Bal McCartny,
MLTP S10,Best 5th Ball,1,,iAaronK,
MLTP S10,Best 5th Ball,2,,swerve,
MLTP S10,Best 5th Ball,3,,Wanye,
MLTP S10,Best Well Rounded Ball,1,,Crippy,
MLTP S10,Best Well Rounded Ball,2,,dodsfall,
MLTP S10,Best Well Rounded Ball,3,,intercest,
MLTP S10,Most Improved Ball,1,,Ty,
MLTP S10,Most Improved Ball,2,,Stojakovic,
MLTP S10,Most Improved Ball,3,,bad,
MLTP S10,Best Valued Ball,1,,ProTagonist_,
MLTP S10,Best Valued Ball,2,,Ty,
MLTP S10,Best Valued Ball,3,,Syniikal,
MLTP S10,"Fuck you and your GASP",1,,Altiger,
MLTP S10,"Fuck you and your GASP",2,,ooo killem,
MLTP S10,"Fuck you and your GASP",3,,Eashy,
MLTP S10,Best Western Conference Captain,1,,Dalek,
MLTP S10,Best Western Conference Captain,2,,dodsfall,
MLTP S10,Best Western Conference Captain,3,,Curry,
MLTP S10,Best Eastern Conference Captain,1,,LEBRON*JAMES,
MLTP S10,Best Eastern Conference Captain,2,,i'm high,
MLTP S10,Best Eastern Conference Captain,3,,PrivateMajor,
MLTP S10,Most Cohesive Unit,1,MEME*TEAM,,
MLTP S10,Most Cohesive Unit,2,Holy Rollers,,
MLTP S10,Most Cohesive Unit,3,Holdin' Gate Warriors,,
MLTP S10,Best Commentator,1,,JBaay,
MLTP S10,Best Commentator,2,,Rob Delaney,
MLTP S10,Best Commentator,3,,okthen,
MLTP S10,Best Streamer,1,,JBaay,
MLTP S10,Best Streamer,2,,Rob Delaney,
MLTP S10,Best Streamer,3,,iAaronK,
MLTP S10,Behind-the-scenes,1,,SuperSans,
MLTP S10,Behind-the-scenes,2,,FLYMOLO,
MLTP S10,Behind-the-scenes,3,,Gem,
MLTP S11,Most Valuable Ball,1,,Milky,
MLTP S11,Most Valuable Ball,2,,Daffodil,
MLTP S11,Most Valuable Ball,3,,toasty.,
MLTP S11,Offensive Ball of the Season,1,,toasty.,
MLTP S11,Offensive Ball of the Season,2,,Milky,
MLTP S11,Offensive Ball of the Season,3,,meaL,
MLTP S11,Defensive Ball of the Season,1,,Bal McCartny,
MLTP S11,Defensive Ball of the Season,2,,yank,
MLTP S11,Defensive Ball of the Season,3,,aardvark,
MLTP S11,Most Well Rounded,1,,Daffodil,
MLTP S11,Most Well Rounded,2,,intercest,
MLTP S11,Most Well Rounded,3,,CB13,
MLTP S11,Offensive Rookie,1,,meaL,
MLTP S11,Offensive Rookie,2,,sun chips,
MLTP S11,Offensive Rookie,3,,thenewguy.,
MLTP S11,Defensive Rookie,1,,Daffodil,
MLTP S11,Defensive Rookie,2,,Frozty,
MLTP S11,Defensive Rookie,3,,JBB,
MLTP S11,5th Ball,1,,DudeMcGuy,
MLTP S11,5th Ball,2,,Genesis,
MLTP S11,5th Ball,3,,BAN NAN,
MLTP S11,Most Improved,1,,Daffodil,
MLTP S11,Most Improved,2,,BALLDON'TLIE,
MLTP S11,Most Improved,3,,sun chips,
MLTP S11,Best Value,1,,Daffodil,
MLTP S11,Best Value,2,,yank,
MLTP S11,Best Value,3,,eee,
MLTP S11,"Fuck You and Your GASP",1,,dodsfall,
MLTP S11,"Fuck You and Your GASP",2,,Fatal,
MLTP S11,"Fuck You and Your GASP",3,,Stann,
MLTP S11,Western Captain,1,,ccga4,
MLTP S11,Western Captain,2,,Spheroid.,
MLTP S11,Western Captain,3,,Ferret,
MLTP S11,Eastern Captain,1,,Bal McCartny,
MLTP S11,Eastern Captain,2,,CB13,
MLTP S11,Eastern Captain,2,,Mr. Hat,
MLTP S11,Eastern Captain,3,,jjpoole,
MLTP S11,Cohesive,1,Balls on Parade,,
MLTP S11,Cohesive,2,The Holy Seehawks,,
MLTP S11,Cohesive,3,Merballs,,
MLTP S11,Streamer,1,,rob delaney,
MLTP S11,Streamer,2,,BALLDON'TLIE,
MLTP S11,Streamer,3,,Him<3,
MLTP S11,Streamer,3,,June,
MLTP S11,Streamer,3,,Pigoon,
MLTP S11,Commentator,1,,BALLDON'TLIE,
MLTP S11,Commentator,2,,thenewguy.,
MLTP S11,Commentator,3,,siDe,
MLTP S11,Behind the Scenes,1,,Fender,
MLTP S11,Behind the Scenes,2,,Mufro,
MLTP S12,Most Valuable Ball,1,,Mr. Hat,0.3580
MLTP S12,Most Valuable Ball,2,,okthen,0.1852
MLTP S12,Most Valuable Ball,3,,toasty.,0.1728
MLTP S12,Offensive Ball of the Season,1,,Mr. Hat,0.3086
MLTP S12,Offensive Ball of the Season,2,,Ball God,0.1852
MLTP S12,Offensive Ball of the Season,2,,okthen,0.1852
MLTP S12,Defensive Ball of the Season,1,,Iblis,0.2593
MLTP S12,Defensive Ball of the Season,2,,Neon,0.1605
MLTP S12,Defensive Ball of the Season,3,,xXw3Edl0rdXx,0.1481
MLTP S12,Offensive Rookie of the Season,1,,GOOBR,0.6296
MLTP S12,Offensive Rookie of the Season,2,,Destar,0.2716
MLTP S12,Offensive Rookie of the Season,3,,#Frozen,0.0988
MLTP S12,Defensive Rookie of the Season,1,,Cosine180,0.3580
MLTP S12,Defensive Rookie of the Season,2,,Genesis,0.2840
MLTP S12,Defensive Rookie of the Season,3,,young savage,0.2716
MLTP S12,Best 5th Ball,1,,eee,0.3333
MLTP S12,Best 5th Ball,2,,EGGO,0.2593
MLTP S12,Best 5th Ball,3,,Bamboozler,0.1111
MLTP S12,Best 5th Ball,3,,q42,0.1111
MLTP S12,Most Well-Rounded,1,,young savage,0.2593
MLTP S12,Most Well-Rounded,2,,CB13,0.2222
MLTP S12,Most Well-Rounded,3,,YAC,0.1728
MLTP S12,Most Improved,1,,bright,0.3580
MLTP S12,Most Improved,2,,EASHY,0.3333
MLTP S12,Most Improved,3,,Fronj,0.1605
MLTP S12,Best Valued,1,,young savage,0.2346
MLTP S12,Best Valued,2,,protag,0.1481
MLTP S12,Best Valued,3,,SIDE,0.1358
MLTP S12,"Fuck You and Your GASP",1,,swerve,0.1728
MLTP S12,"Fuck You and Your GASP",2,,aardvark,0.1605
MLTP S12,"Fuck You and Your GASP",2,,young savage,0.1605
MLTP S12,Best Western Captain,1,,Mr. Hat,0.4074
MLTP S12,Best Western Captain,2,,ccga4,0.1852
MLTP S12,Best Western Captain,2,,Spjork,0.1852
MLTP S12,Best Western Captain,2,,EGGO,0.1852
MLTP S12,Best Eastern Captain,1,,LEBRON*JAMES,0.2963
MLTP S12,Best Eastern Captain,2,,toasty.,0.2469
MLTP S12,Best Eastern Captain,3,,intercest,0.1852
MLTP S12,Most Cohesive Unit,1,ALL CAPS,,0.2716
MLTP S12,Most Cohesive Unit,2,Boats 'n' Holds,,0.1852
MLTP S12,Most Cohesive Unit,3,Holdin' Gate Warriors,,0.1605
MLTP S12,Most Cohesive Unit,3,MEME*TEAM,,0.1605
MLTP S12,Best Streamer,1,,BALLDON'TLIE,0.2469
MLTP S12,Best Streamer,2,,okthen,0.2346
MLTP S12,Best Streamer,3,,Rob Delaney,0.1728
MLTP S12,Best Commentator,1,,BALLDON'TLIE,0.4938
MLTP S12,Best Commentator,2,,dodsfall,0.2099
MLTP S12,Best Commentator,3,,Rob Delaney,0.1605
MLTP S12,Best Behind the Scenes,1,,BC Canada,0.3827
MLTP S12,Best Behind the Scenes,2,,Mufro,0.2222
MLTP S12,Best Behind the Scenes,3,,Destar,0.1235
MLTP S13,Most Valuable Ball,1,,intercest,0.3281
MLTP S13,Most Valuable Ball,2,,toasty.,0.2969
MLTP S13,Most Valuable Ball,3,,Milky,0.1094
MLTP S13,Offensive Ball of the Season,1,,toasty.,0.4688
MLTP S13,Offensive Ball of the Season,2,,Milky,0.2188
MLTP S13,Offensive Ball of the Season,3,,intercest,0.1406
MLTP S13,Defensive Ball of the Season,1,,C Bivvey,0.2656
MLTP S13,Defensive Ball of the Season,2,,Syniikal,0.1875
MLTP S13,Defensive Ball of the Season,3,,Sherrattinho,0.1719
MLTP S13,Offensive Rookie of the Season,1,,DT,0.6563
MLTP S13,Offensive Rookie of the Season,2,,WarriOrs,0.2188
MLTP S13,Offensive Rookie of the Season,3,,Bamboozler,0.1250
MLTP S13,Defensive Rookie of the Season,1,,alchemist,0.4063
MLTP S13,Defensive Rookie of the Season,2,,Frothy,0.3906
MLTP S13,Defensive Rookie of the Season,3,,ccga4,0.1094
MLTP S13,Best 5th Ball,1,,Waynee,0.4688
MLTP S13,Best 5th Ball,2,,q42,0.3594
MLTP S13,Best 5th Ball,3,,noblord,0.0781
MLTP S13,Most Well Rounded Ball,1,,Altiger,0.4063
MLTP S13,Most Well Rounded Ball,2,,CB13,0.1719
MLTP S13,Most Well Rounded Ball,3,,okthen,0.1563
MLTP S13,Most Improved Ball,1,,Stann,0.4063
MLTP S13,Most Improved Ball,2,,aardvark,0.3125
MLTP S13,Most Improved Ball,3,,yank,0.2031
MLTP S13,Best Valued Ball,1,,DT,0.2969
MLTP S13,Best Valued Ball,2,,Sherrattinho,0.2031
MLTP S13,Best Valued Ball,3,,WarriOrs,0.1563
MLTP S13,Best Valued Ball,3,,alchemist,0.1563
MLTP S13,"Fuck You and Your GASP",1,,clownmeaL,0.2656
MLTP S13,"Fuck You and Your GASP",2,,dodsfall,0.1563
MLTP S13,"Fuck You and Your GASP",3,,okthen,0.1406
MLTP S13,Best Western Captain,1,,Mr. Hat,0.4375
MLTP S13,Best Western Captain,2,,Tantrew,0.2031
MLTP S13,Best Western Captain,3,,Fatal,0.1094
MLTP S13,Best Eastern Captain,1,,intercest,0.5156
MLTP S13,Best Eastern Captain,2,,TheBob18,0.1719
MLTP S13,Best Eastern Captain,3,,Ball God,0.1250
MLTP S13,Most Cohesive Unit,1,Boostin Dynamo,,0.3750
MLTP S13,Most Cohesive Unit,2,ThunderCaps,,0.2188
MLTP S13,Most Cohesive Unit,3,Boats 'n' Holds,,0.2031
MLTP S13,Best Streamer,1,,iAaronK,0.4688
MLTP S13,Best Streamer,2,,Abe Lincoln,0.2969
MLTP S13,Best Streamer,3,,June,0.1406
MLTP S13,Best Commentator,1,,Abe Lincoln,0.3906
MLTP S13,Best Commentator,2,,okthen,0.2500
MLTP S13,Best Commentator,3,,siDe,0.2031
MLTP S13,Best Behind the Scenes,1,,d0pe,0.3594
MLTP S13,Best Behind the Scenes,2,,Mufro,0.3281
MLTP S13,Best Behind the Scenes,3,,Fender,0.0781
mLTP S10,Most Valuable Ball,1,,KOBE*BRYANT,0.43
mLTP S10,Most Valuable Ball,2,,Jake from SF,0.27
mLTP S10,Most Valuable Ball,3,,Apopalypse,0.24
mLTP S10,Offensive Ball of the Season,1,,Jake from SF,0.34
mLTP S10,Offensive Ball of the Season,1,,Apopalypse,0.34
mLTP S10,Offensive Ball of the Season,3,,Gman8181,0.27
mLTP S10,Defensive Ball of the Season,1,,Dank Sniper,0.35
mLTP S10,Defensive Ball of the Season,2,,KOBE*BRYANT,0.33
mLTP S10,Defensive Ball of the Season,3,,Texoccer,0.24
mLTP S10,Offensive Team Ball,1,,sun chips,0.47
mLTP S10,Offensive Team Ball,2,,ccga4,0.21
mLTP S10,Offensive Team Ball,3,,veezy,0.20
mLTP S10,Defensive Team Ball,1,,aardvark,0.37
mLTP S10,Defensive Team Ball,2,,Neon,0.36
mLTP S10,Defensive Team Ball,3,,Zvonvok,0.17
mLTP S10,Offensive Rookie of the Season,1,,brighT,0.38
mLTP S10,Offensive Rookie of the Season,1,,mnp,0.38
mLTP S10,Offensive Rookie of the Season,3,,BadCastle,0.21
mLTP S10,Defensive Rookie of the Season,1,,Neon,0.46
mLTP S10,Defensive Rookie of the Season,2,,Texoccer,0.43
mLTP S10,Defensive Rookie of the Season,3,,KateEarl MD,0.16
mLTP S10,Best 5th Ball,1,,mnp,0.46
mLTP S10,Best 5th Ball,2,,Ralph Wiggum,0.30
mLTP S10,Best 5th Ball,3,,veezy,0.29
mLTP S10,Best Well Rounded Ball,1,,KOBE*BRYANT,0.54
mLTP S10,Best Well Rounded Ball,2,,Eggo,0.51
mLTP S10,Best Well Rounded Ball,3,,coys,0.09
mLTP S10,Most Improved Ball,1,,Apopalypse,0.32
mLTP S10,Most Improved Ball,2,,P K Subball,0.30
mLTP S10,Most Improved Ball,3,,aardvark,0.23
mLTP S10,"Fuck you and your GASP",1,,Ralph Wiggum,0.35
mLTP S10,"Fuck you and your GASP",2,,d0pe,0.29
mLTP S10,"Fuck you and your GASP",3,,derds,0.24
mLTP S10,Best Valued Ball,1,,brighT,0.47
mLTP S10,Best Valued Ball,2,,quibble,0.25
mLTP S10,Best Valued Ball,3,,Gman8181,0.21
mLTP S10,Most Cohesive Unit,1,Angry Balls,,0.36
mLTP S10,Most Cohesive Unit,2,The Poker Chips,,0.25
mLTP S10,Most Cohesive Unit,3,Misfit Probots,,0.21
mLTP S11,Most Valuable Ball,1,,Milky,
mLTP S11,Most Valuable Ball,2,,Daffodil,
mLTP S11,Most Valuable Ball,3,,toasty.,
mLTP S11,Offensive Ball of the Season,1,,toasty.,
mLTP S11,Offensive Ball of the Season,2,,Milky,
mLTP S11,Offensive Ball of the Season,3,,meaL,
mLTP S11,Defensive Ball of the Season,1,,Bal McCartny,
mLTP S11,Defensive Ball of the Season,2,,yank,
mLTP S11,Defensive Ball of the Season,3,,aardvark,
mLTP S11,Offensive Rookie of the Season,1,,meaL,
mLTP S11,Offensive Rookie of the Season,2,,Sun Chips,
mLTP S11,Offensive Rookie of the Season,3,,thenewguy.,
mLTP S11,Defensive Rookie of the Season,1,,Daffodil,
mLTP S11,Defensive Rookie of the Season,2,,Frozty,
mLTP S11,Defensive Rookie of the Season,3,,JBB,
mLTP S11,Best 5th Ball,1,,DudeMcGuy,
mLTP S11,Best 5th Ball,2,,Genesis,
mLTP S11,Best 5th Ball,3,,BAN NAN,
mLTP S11,Most Well Rounded,1,,Daffodil,
mLTP S11,Most Well Rounded,2,,intercest,
mLTP S11,Most Well Rounded,3,,CB13,
mLTP S11,Most Improved,1,,Daffodil,
mLTP S11,Most Improved,2,,BALLDON'TLIE,
mLTP S11,Most Improved,3,,Sun Chips,
mLTP S11,Best Valued,1,,Daffodil,
mLTP S11,Best Valued,2,,yank,
mLTP S11,Best Valued,3,,eee,
mLTP S11,"Fuck You and Your GASP",1,,dodsfall,
mLTP S11,"Fuck You and Your GASP",2,,Fatal,
mLTP S11,"Fuck You and Your GASP",3,,Stann,
mLTP S11,Best Western Captain,1,,ccga4,
mLTP S11,Best Western Captain,2,,Spheroid.,
mLTP S11,Best Western Captain,3,,Ferret,
mLTP S11,Best Eastern Captain,1,,Bal McCartny,
mLTP S11,Best Eastern Captain,2,,CB13,
mLTP S11,Best Eastern Captain,3,,Mr. Hat,
mLTP S11,Most Cohesive Unit,1,Balls on Parade,,
mLTP S11,Most Cohesive Unit,2,The Holy Seehawks,,
mLTP S11,Most Cohesive Unit,3,Merballs,,
mLTP S11,Best Streamer,1,,Rob Delaney,
mLTP S11,Best Streamer,2,,BALLDON'TLIE,
mLTP S11,Best Streamer,3,,Him<3,
mLTP S11,Best Commentator,1,,BALLDON'TLIE,
mLTP S11,Best Commentator,2,,thenewguy.,
mLTP S11,Best Commentator,3,,siDe,
mLTP S11,Behind the Scenes,1,,Fender,
mLTP S11,Behind the Scenes,2,,Mufro,
mLTP S12,Most Valuable Ball,1,,Bamboozler,0.3521
mLTP S12,Most Valuable Ball,2,,DANK SNIPER,0.1831
mLTP S12,Most Valuable Ball,3,,Frothy,0.1268
mLTP S12,Offensive Ball of the Season,1,,Bamboozler,0.2676
mLTP S12,Offensive Ball of the Season,2,,True North,0.2394
mLTP S12,Offensive Ball of the Season,3,,DANK SNIPER,0.1549
mLTP S12,Defensive Ball of the Season,1,,Frothy,0.3662
mLTP S12,Defensive Ball of the Season,2,,MEX,0.2817
mLTP S12,Defensive Ball of the Season,3,,q42,0.1127
mLTP S12,Offensive Rookie of the Season,1,,Kibo,0.3662
mLTP S12,Offensive Rookie of the Season,2,,Aunt Jemima,0.2113
mLTP S12,Offensive Rookie of the Season,3,,PHREAK,0.1972
mLTP S12,Defensive Rookie of the Season,1,,Frothy,0.4930
mLTP S12,Defensive Rookie of the Season,2,,MEX,0.2394
mLTP S12,Defensive Rookie of the Season,3,,Hawaii,0.1268
mLTP S12,Best 5th Ball,1,,Kibo,0.1831
mLTP S12,Best 5th Ball,1,,EVANW4,0.1831
mLTP S12,Best 5th Ball,3,,Hawaii,0.1690
mLTP S12,Most Well-Rounded,1,,DANK SNIPER,0.4225
mLTP S12,Most Well-Rounded,2,,EGGO,0.2113
mLTP S12,Most Well-Rounded,3,,Curry,0.1268
mLTP S12,Most Improved,1,,alchemist,0.3099
mLTP S12,Most Improved,2,,Epiphany,0.2113
mLTP S12,Most Improved,3,,Weed,0.1690
mLTP S12,Best Valued,1,,Weed,0.1972
mLTP S12,Best Valued,2,,Kibo,0.1549
mLTP S12,Best Valued,3,,Hawaii,0.1408
mLTP S12,"Fuck You and Your GASP",1,,Kibo,0.1831
mLTP S12,Most Cohesive Unit,1,The Holy Seehawks,,0.3239
mLTP S12,Most Cohesive Unit,2,Bureaucapcy,,0.1831
mLTP S12,Most Cohesive Unit,2,Yachts 'n' Thots,,0.1831
mLTP S12,Most Cohesive Unit,2,Golden Caps,,0.1831
mLTP S13,Most Valuable Ball,1,,badger,0.3617
mLTP S13,Most Valuable Ball,2,,MEX,0.1702
mLTP S13,Most Valuable Ball,3,,veezy,0.1489
mLTP S13,Offensive Ball of the Season,1,,veezy,0.3830
mLTP S13,Offensive Ball of the Season,2,,Gasol,0.1702
mLTP S13,Offensive Ball of the Season,3,,badger,0.1489
mLTP S13,Defensive Ball of the Season,1,,MEX,0.3404
mLTP S13,Defensive Ball of the Season,2,,Herbert.,0.2553
mLTP S13,Defensive Ball of the Season,3,,quibble,0.1277
mLTP S13,Offensive Rookie of the Season,1,,Gasol,0.4681
mLTP S13,Offensive Rookie of the Season,2,,gg!,0.2340
mLTP S13,Offensive Rookie of the Season,3,,MagicPigeon,0.1702
mLTP S13,Defensive Rookie of the Season,1,,Herbert.,0.6383
mLTP S13,Defensive Rookie of the Season,2,,WaterWheel,0.1702
mLTP S13,Defensive Rookie of the Season,3,,Raspberry,0.1489
mLTP S13,Best 5th Ball,1,,gg!,0.3830
mLTP S13,Best 5th Ball,2,,Rexer,0.1489
mLTP S13,Best 5th Ball,3,,fenix funk 5,0.1277
mLTP S13,Best 5th Ball,3,,evanw4,0.1277
mLTP S13,Most Well Rounded Ball,1,,badger,0.5532
mLTP S13,Most Well Rounded Ball,2,,guts.,0.1702
mLTP S13,Most Well Rounded Ball,3,,q42,0.1489
mLTP S13,Most Improved Ball,1,,veezy,0.3617
mLTP S13,Most Improved Ball,2,,quibble,0.2766
mLTP S13,Most Improved Ball,3,,McNerdy,0.2128
mLTP S13,Best Valued Ball,1,,quibble,0.3404
mLTP S13,Best Valued Ball,2,,Herbert.,0.2766
mLTP S13,Best Valued Ball,3,,gg!,0.1915
mLTP S13,"Fuck You and Your GASP",1,,WaterWheel,0.2340
mLTP S13,"Fuck You and Your GASP",2,,q42,0.2128
mLTP S13,"Fuck You and Your GASP",3,,B.I.G.money,0.1915
mLTP S13,"Fuck You and Your GASP",3,,Curry,0.1915
mLTP S13,Most Cohesive Unit,1,Origin Ducks,,0.2979
mLTP S13,Most Cohesive Unit,2,Boostin Dynamo,,0.1915
mLTP S13,Most Cohesive Unit,3,13 Seasons Why,,0.1489
mLTP S13,Most Cohesive Unit,3,New York Timers,,0.1489
NLTP S7,Most Valuable Ball,1,,#Frozen,
NLTP S7,Most Valuable Ball,2,,MEGATRON,
NLTP S7,Most Valuable Ball,3,,Genesis,
NLTP S7,Offensive Ball of the Season,1,,MEGATRON,
NLTP S7,Offensive Ball of the Season,2,,Bamboozler,
NLTP S7,Offensive Ball of the Season,3,,DT,
NLTP S7,Defensive Ball of the Season,1,,Genesis,
NLTP S7,Defensive Ball of the Season,2,,Yakkit,
NLTP S7,Defensive Ball of the Season,3,,q42,
NLTP S7,Best Two-Way Player,1,,JBB,
NLTP S7,Best Two-Way Player,2,,2P1S,
NLTP S7,Best Two-Way Player,3,,dandandandan,
NLTP S7,Offensive Team Ball,1,,NEUhusky,
NLTP S7,Offensive Team Ball,2,,kelvin,
NLTP S7,Offensive Team Ball,3,,#SelfySyntax,
NLTP S7,Defensive Team Ball,1,,fenix funk 5,
NLTP S7,Defensive Team Ball,2,,atrazine,
NLTP S7,Defensive Team Ball,3,,Texoccer,
NLTP S7,Best Call-up,1,,WarpedPotato,
NLTP S7,Best Call-up,2,,andhecapd,
NLTP S7,Best Call-up,3,,EphewSeakay,
NLTP S7,"Fuck that GASP",1,,caramelbeans,
NLTP S7,"Fuck that GASP",2,,El Sacko,
NLTP S7,"Fuck that GASP",3,,JDoeMonopoly,
NLTP S7,Rookie of the Season,1,,boogie,
NLTP S7,Rookie of the Season,2,,eldenn,
NLTP S7,Forget MLTP,1,,MEGATRON,
NLTP S7,Forget MLTP,2,,Ajax,
NLTP S7,Forget MLTP,3,,JBB,
NLTP S7,Position Change,1,,Bamboozler,
NLTP S7,Position Change,2,,B.I.G.money,
NLTP S7,Position Change,3,,andhecapd,
NLTP S7,Best Veteran,1,,no name,
NLTP S7,Best Veteran,2,,Nitro,
NLTP S7,Best Veteran,3,,Carp,
NLTP S7,Most Cohesive Unit,1,Soviet Ballers,,
NLTP S7,Most Cohesive Unit,2,Balladega Nights,,
NLTP S7,Most Cohesive Unit,3,Pequeños Pandas,,
NLTP S7,Best Overall Captain,1,,#Frozen,
NLTP S7,Best Overall Captain,2,,JBB,
NLTP S7,Best Overall Captain,3,,B.I.G.money,
NLTP S9,Most Valuable Ball,1,,BallGasol,0.325
NLTP S9,Most Valuable Ball,2,,Doris,0.183
NLTP S9,Most Valuable Ball,3,,Beef Jukie,0.150
NLTP S9,Offensive Ball of the Season,1,,Beef Jukie,0.244
NLTP S9,Offensive Ball of the Season,2,,Ron Hextball,0.101
NLTP S9,Offensive Ball of the Season,3,,Esoog,0.092
NLTP S9,Defensive Ball of the Season,1,,Doris,0.292
NLTP S9,Defensive Ball of the Season,2,,smurf l0rd,0.183
NLTP S9,Defensive Ball of the Season,3,,fenix funk 5,0.133
NLTP S9,Well-Rounded Ball,1,,Misaki,0.267
NLTP S9,Well-Rounded Ball,2,,waterwheel,0.167
NLTP S9,Well-Rounded Ball,3,,SpiKing,0.142
NLTP S9,Offensive Team Ball,1,,moobear,0.283
NLTP S9,Offensive Team Ball,2,,Crossover,0.209
NLTP S9,Offensive Team Ball,3,,GUTS.,0.183
NLTP S9,Defensive Team Ball,1,,Heisy,0.283
NLTP S9,Defensive Team Ball,2,,ballparts,0.225
NLTP S9,Defensive Team Ball,3,,Psychic,0.150
NLTP S9,Rookie of the Season,1,,Beef Jukie,0.442
NLTP S9,Rookie of the Season,2,,ROFL,0.258
NLTP S9,Rookie of the Season,3,,smurf l0rd,0.142
NLTP S9,Best Captain (Overall),1,,BallGasol,0.333
NLTP S9,Best Captain (Overall),2,,Dance,0.171
NLTP S9,Best Captain (Overall),3,,The Tyrant,0.126
NLTP S9,Behind the Scenes,1,,NLTPAnalyst,0.377
NLTP S9,Behind the Scenes,2,,Adarssh,0.298
NLTP S9,Behind the Scenes,3,,BallGasol,0.132
NLTP S10,Most Valuable Ball,1,,Crossover,
NLTP S10,Most Valuable Ball,2,,Gargantua,
NLTP S10,Most Valuable Ball,3,,phreak,
NLTP S10,Offensive Ball of the Year,1,,phreak,
NLTP S10,Offensive Ball of the Year,2,,THE DOT,
NLTP S10,Offensive Ball of the Year,3,,Mystical,
NLTP S10,Defensive Ball of the Year,1,,Gargantua,
NLTP S10,Defensive Ball of the Year,2,,ess,
NLTP S10,Defensive Ball of the Year,3,,Squeeb,
NLTP S10,Well-Rounded Ball,1,,coos :),
NLTP S10,Well-Rounded Ball,2,,wassa,
NLTP S10,Well-Rounded Ball,3,,LittlePrince,
NLTP S10,Well-Rounded Ball,3,,Trapsin,
NLTP S10,Offensive Team Ball,1,,NEUhusky,
NLTP S10,Offensive Team Ball,2,,Tantrew,
NLTP S10,Offensive Team Ball,3,,Karasu,
NLTP S10,Defensive Team Ball,1,,Anze Capitar,
NLTP S10,Defensive Team Ball,2,,Epiphany,
NLTP S10,Defensive Team Ball,3,,CreaturePhil,
NLTP S10,Most Improved,1,,Squeeb,
NLTP S10,Most Improved,2,,Mystical,
NLTP S10,Most Improved,3,,Tofuman,
NLTP S10,Rookie of the Season,1,,LittlePrince,
NLTP S10,Rookie of the Season,2,,phreak,
NLTP S10,Rookie of the Season,3,,coos :),
NLTP S10,Most Cohesive Team,1,ThunderCaps,,
NLTP S10,Most Cohesive Team,1,A Blockwork Orange,,
NLTP S10,Most Cohesive Team,1,CircleJukers,,
NLTP S10,Most Cohesive Team,1,The Pointless Warriors,,
NLTP S10,Behind the Scenes,1,,Fender,
NLTP S10,Behind the Scenes,2,,Bamboozler,
NLTP S10,Behind the Scenes,3,,Adarssh,
NLTP S10,Behind the Scenes,3,,Squeeb,
NLTP S28,Best Captain,1,,kooler,0.2000
NLTP S28,Best Captain,1,,A-A--r--o--n,0.2000
NLTP S28,Best Captain,2,,Fender,0.1905
NLTP S28,Best Captain,3,,JARVISLANDRY,0.1810
NLTP S28,Best Captain,3,,Prime,0.1810
NLTP S28,Well Rounded,1,,Scrapper8o,0.2920
NLTP S28,Well Rounded,2,,ballsack123,0.1593
NLTP S28,Well Rounded,3,,Borgus,0.1327
NLTP S28,Best Valued,1,,rc,0.2212
NLTP S28,Best Valued,2,,Spheroid.,0.1923
NLTP S28,Best Valued,3,,Morpheus,0.1442
NLTP S28,Defensive Rookie of the Season,1,,Stumbino,0.2632
NLTP S28,Defensive Rookie of the Season,2,,ballsack123,0.2421
NLTP S28,Defensive Rookie of the Season,3,,Aura,0.2211
NLTP S28,Defensive Ball of the Season,1,,gh0st,0.2455
NLTP S28,Defensive Ball of the Season,2,,Scrapper8o,0.2364
NLTP S28,Defensive Ball of the Season,3,,Morpheus,0.0909
NLTP S28,Offensive Ball of the Season,1,,Spheroid.,0.1724
NLTP S28,Offensive Ball of the Season,2,,rc,0.1609
NLTP S28,Offensive Ball of the Season,3,,icePlatypus,0.1149
NLTP S28,Most Valuable Ball,1,,Scrapper8o,0.3235
NLTP S28,Most Valuable Ball,2,,gh0st,0.1765
NLTP S28,Most Valuable Ball,3,,Borgus,0.0882
NLTP B S7,Most Valuable Ball,1,,CODE,
NLTP B S7,Most Valuable Ball,2,,Phreak,
NLTP B S7,Most Valuable Ball,3,,Fapst3r,
NLTP B S7,Offensive Ball of the Year,1,,Fapst3r,
NLTP B S7,Offensive Ball of the Year,2,,Phreak,
NLTP B S7,Offensive Ball of the Year,3,,Adarssh,
NLTP B S7,Defensive Ball of the Year,1,,Raspberry,
NLTP B S7,Defensive Ball of the Year,2,,WheelinTimmy,
NLTP B S7,Defensive Ball of the Year,3,,1600vam,
NLTP B S7,Most Well-Rounded Ball,1,,TagProfessor,
NLTP B S7,Most Well-Rounded Ball,2,,officer dan,
NLTP B S7,Most Well-Rounded Ball,3,,Nilus,
NLTP B S7,Offensive Team Ball,1,,BallsToYou.,
NLTP B S7,Offensive Team Ball,2,,Hijack,
NLTP B S7,Offensive Team Ball,3,,BabyB,
NLTP B S7,Offensive Team Ball,3,,MasterCard78,
NLTP B S7,Defensive Team Ball,1,,hellyea,
NLTP B S7,Defensive Team Ball,2,,evanw4,
NLTP B S7,Defensive Team Ball,3,,cirez D,
NLTP B S8,Most Valuable Ball,1,,Juke Dough,
NLTP B S8,Most Valuable Ball,2,,Hawaii,
NLTP B S8,Most Valuable Ball,3,,LareTheBear,
NLTP B S8,Offensive Ball of the Year,1,,LareTheBear,
NLTP B S8,Offensive Ball of the Year,2,,-,
NLTP B S8,Offensive Ball of the Year,3,,Rattpack,
NLTP B S8,Defensive Ball of the Year,1,,Hawaii,
NLTP B S8,Defensive Ball of the Year,2,,HeinousAnus,
NLTP B S8,Defensive Ball of the Year,3,,Moggle,
NLTP B S8,Well-Rounded Ball,1,,refined,
NLTP B S8,Well-Rounded Ball,2,,smurf l0rd,
NLTP B S8,Well-Rounded Ball,3,,Poeticalto,
NLTP B S8,Offensive Team Ball,1,,FragrantFowl,
NLTP B S8,Offensive Team Ball,2,,TheIndian,
NLTP B S8,Offensive Team Ball,3,,BallAnka,
NLTP B S8,Defensive Team Ball,1,,superdiglett,
NLTP B S8,Defensive Team Ball,2,,bad hombre,
NLTP B S8,Defensive Team Ball,3,,Some Ballz,
NLTP B S8,Rookie of the Season,1,,Aunt Jemima,
NLTP B S8,Rookie of the Season,2,,waterwheel,
NLTP B S8,Rookie of the Season,3,,knife dawg,
NLTP B S8,Rookie of the Season,3,,Carys,
NLTP B S9,Most Valuable Ball,1,,Herbert.,0.299
NLTP B S9,Most Valuable Ball,2,,Some Ballz,0.247
NLTP B S9,Most Valuable Ball,3,,Corbeh,0.130
NLTP B S9,Offensive Ball of the Season,1,,Corbeh,0.244
NLTP B S9,Offensive Ball of the Season,2,,FURY.,0.205
NLTP B S9,Offensive Ball of the Season,3,,Activ.,0.154
NLTP B S9,Defensive Ball of the Season,1,,Some Ballz,0.227
NLTP B S9,Defensive Ball of the Season,2,,ButtSnake,0.147
NLTP B S9,Defensive Ball of the Season,3,,wubblet,0.093
NLTP B S9,Well-Rounded Ball,1,,BunnyColvin,0.247
NLTP B S9,Well-Rounded Ball,2,,Some Ballz,0.208
NLTP B S9,Well-Rounded Ball,3,,Raspberry,0.091
NLTP B S9,Offensive Team Ball,1,,FURY.,0.373
NLTP B S9,Offensive Team Ball,2,,moobear,0.307
NLTP B S9,Offensive Team Ball,3,,Atheist,0.187
NLTP B S9,Defensive Team Ball,1,,caramelbeans,0.250
NLTP B S9,Defensive Team Ball,2,,lil doggo,0.222
NLTP B S9,Defensive Team Ball,3,,legit nipple,0.208
NLTP B S9,Rookie of the Season,1,,q Q,0.338
NLTP B S9,Rookie of the Season,2,,Homie,0.239
NLTP B S9,Rookie of the Season,3,,Cheetosrule,0.225
NLTP B S11,Most Valuable Ball,1,,Catbabel97,
NLTP B S11,Most Valuable Ball,2,,llamatron,
NLTP B S11,Most Valuable Ball,3,,Pavement,
NLTP B S11,Offensive Ball of the Season,1,,Breesus,
NLTP B S11,Offensive Ball of the Season,2,,gghob,
NLTP B S11,Offensive Ball of the Season,3,,off constant,
NLTP B S11,Defensive Ball of the Season,1,,Pavement,
NLTP B S11,Defensive Ball of the Season,2,,llamatron,
NLTP B S11,Defensive Ball of the Season,3,,Garfield,
NLTP B S11,Well-Rounded Ball,1,,llamatron,
NLTP B S11,Well-Rounded Ball,2,,Catbabel97,
NLTP B S11,Well-Rounded Ball,3,,Master88,
NLTP B S11,Offensive Team Ball,1,,gghob,
NLTP B S11,Offensive Team Ball,2,,im a goat,
NLTP B S11,Offensive Team Ball,3,,ZEUS*BALL,
NLTP B S11,Defensive Team Ball,1,,CA$H.,
NLTP B S11,Defensive Team Ball,2,,demman32,
NLTP B S11,Defensive Team Ball,3,,Fitz.,
NLTP B S11,Rookie of the Season,1,,off constant,
NLTP B S11,Rookie of the Season,2,,Alt,
NLTP B S11,Rookie of the Season,3,,Ball-erina,
NLTP B S12,Most Valuable Ball,1,,Carrrrrl,0.29
NLTP B S12,Most Valuable Ball,2,,Trituin,0.14
NLTP B S12,Most Valuable Ball,3,,THE DOT,0.13
NLTP B S12,Offensive Ball of the Season,1,,THE DOT,0.14
NLTP B S12,Offensive Ball of the Season,2,,Love4Cannons,0.13
NLTP B S12,Offensive Ball of the Season,3,,BallsToYou.,0.11
NLTP B S12,Defensive Ball of the Season,1,,kool aid,0.23
NLTP B S12,Defensive Ball of the Season,2,,Trituin,0.19
NLTP B S12,Defensive Ball of the Season,3,,Tplattapus,0.18
NLTP B S12,Well-Rounded Ball,1,,Edd,0.173
NLTP B S12,Well-Rounded Ball,2,,THE DOT,0.167
NLTP B S12,Well-Rounded Ball,3,,Trituin,0.15
NLTP B S12,Offensive Team Ball,1,,BallsToYou.,0.35
NLTP B S12,Offensive Team Ball,2,,CatPuke,0.17
NLTP B S12,Offensive Team Ball,3,,infinity.,0.14
NLTP B S12,Defensive Team Ball,1,,Makin Bacon,0.30
NLTP B S12,Defensive Team Ball,2,,Creta Petram,0.19
NLTP B S12,Defensive Team Ball,3,,mudkip,0.17
NLTP B S12,Rookie of the Season,1,,kool aid,0.35
NLTP B S12,Rookie of the Season,2,,ez,0.23
NLTP B S12,Rookie of the Season,3,,eggheater,0.10
MLTP S37,Playoffs MVB,1,,NotEvenMex,
MLTP S37,Offensive Ball of Playoffs,1,,fender,
MLTP S37,Defensive Ball of Playoffs,1,,NotEvenMex,
mLTP S37,Playoffs MVB,1,,BallsToYou.,
mLTP S37,Offensive Ball of Playoffs,1,,BallsToYou.,
mLTP S37,Defensive Ball of Playoffs,1,,Alpha Jr.,
NLTP S37,Playoffs MVB,1,,Baby_Shark,
NLTP S37,Offensive Ball of Playoffs,1,,Baby_Shark,
NLTP S37,Defensive Ball of Playoffs,1,,Porps,
MLTP S27,Most Valuable Ball,1,,Mex,
MLTP S27,Most Valuable Ball,2,,BDL,
MLTP S27,Most Valuable Ball,3,,Messi,
MLTP S27,Offensive Ball of the Season,1,,BDL,
MLTP S27,Offensive Ball of the Season,2,,Messi,
MLTP S27,Offensive Ball of the Season,3,,CoolCat,
MLTP S27,Defensive Ball of the Season,1,,Mex,
MLTP S27,Defensive Ball of the Season,2,,FM,
MLTP S27,Defensive Ball of the Season,3,,Jig,
MLTP S27,Offensive Rookie of the Season,1,,2Nutz,
MLTP S27,Offensive Rookie of the Season,2,,Juke juice,
MLTP S27,Offensive Rookie of the Season,3,,Gleg,
MLTP S27,Best Valued,1,,Messi,
MLTP S27,Best Valued,2,,FM,
MLTP S27,Best Valued,3,,Titanblue,
MLTP S27,Well Rounded,1,,Jig,
MLTP S27,Well Rounded,2,,Ball-erina,
MLTP S27,Well Rounded,3,,2Nutz,
MLTP S27,Best Captain,1,,GnasStrafDel,
MLTP S27,Best Captain,2,,Spacetiger,
MLTP S27,Best Captain,3,,Kool aid,
MLTP S27,Best Captain,3,,ggb,
MLTP S27,Best 5th Ball,1,,DudeMcGuy,
MLTP S27,Best 5th Ball,2,,Boo,
MLTP S27,Best 5th Ball,3,,IfYouSeekAmy,
MLTP S27,Most Improved,1,,Messi,
MLTP S27,Most Improved,2,,FM,
MLTP S27,Most Improved,3,,Asap,
MLTP S27,FU GASP,1,,Doris,
MLTP S27,FU GASP,2,,Cheetos,
MLTP S27,FU GASP,3,,Curry,
MLTP S27,Position Change,1,,Jig,
MLTP S27,Position Change,2,,Ball-erina,
MLTP S27,Position Change,3,,Gleg,
MLTP S27,Best Defensive Pair,1,,mex,
MLTP S27,Best Defensive Pair,1,,Ball-erina,
MLTP S27,Best Defensive Pair,2,,Jig,
MLTP S27,Best Defensive Pair,2,,NEB.,
MLTP S27,Best Defensive Pair,3,,Potatochip,
MLTP S27,Best Defensive Pair,3,,offense guy,
MLTP S27,Best Offensive Pair,1,,Messi,
MLTP S27,Best Offensive Pair,1,,tng.,
MLTP S27,Best Offensive Pair,2,,BDL,
MLTP S27,Best Offensive Pair,2,,Cheetos,
MLTP S27,Best Offensive Pair,3,,Fender,
MLTP S27,Best Offensive Pair,3,,inthesomeday,
MLTP S27,Best Co-Captain,1,,Coolcat,
MLTP S27,Best Co-Captain,2,,Cel,
MLTP S27,Best Co-Captain,3,,Kooler,
MLTP S27,Most Cohesive Unit,1,Converse Ballstars,,
MLTP S27,Most Cohesive Unit,2,Returns of the Jedi,,
MLTP S27,Most Cohesive Unit,3,Los Ankeles Breakers,,
MLTP S27,All-Star (Offense),1,,BALLDON'TLIE,
MLTP S27,All-Star (Offense),2,,Messi,
MLTP S27,All-Star (Offense),3,,Titanblue,
MLTP S27,All-Star (Offense),4,,McBooty,
MLTP S27,All-Star (Offense),5,,tng.,
MLTP S27,All-Star (Defense),1,,Mex,
MLTP S27,All-Star (Defense),2,,FM,
MLTP S27,All-Star (Defense),3,,Jig,
MLTP S27,All-Star (Defense),4,,Alphachurro,
MLTP S27,All-Star (Defense),5,,Boat,
mLTP S27,Most Valuable Ball,1,,DudeMcGuy,
mLTP S27,Most Valuable Ball,2,,Boo,
mLTP S27,Most Valuable Ball,3,,Prime,
mLTP S27,Offensive Ball of the Season,1,,Prime,
mLTP S27,Offensive Ball of the Season,2,,2P1S,
mLTP S27,Offensive Ball of the Season,3,,Jazzz,
mLTP S27,Defensive Ball of the Season,1,,DudeMcGuy,
mLTP S27,Defensive Ball of the Season,2,,Boo,
mLTP S27,Defensive Ball of the Season,3,,Dingbat,
mLTP S27,Offensive Rookie of the Season,1,,Prime,
mLTP S27,Offensive Rookie of the Season,2,,Jazzz,
mLTP S27,Offensive Rookie of the Season,3,,BertAndBort,
mLTP S27,Defensive Rookie of the Season,1,,Boo,
mLTP S27,Defensive Rookie of the Season,2,,Chucky,
mLTP S27,Defensive Rookie of the Season,3,,Im a goat,
mLTP S27,Best Valued,1,,BertAndBort,
mLTP S27,Best Valued,2,,Dingbat,
mLTP S27,Best Valued,3,,Beast mode,
mLTP S27,Well Rounded,1,,Boo,
mLTP S27,Well Rounded,2,,BoldRoller,
mLTP S27,Well Rounded,3,,DudeMcGuy,
mLTP S27,Best Captain,1,,Prime,
mLTP S27,Best Captain,2,,BallAnka,
mLTP S27,Best Captain,3,,Spacetiger,
mLTP S27,Best 5th Ball,1,,Cel,
mLTP S27,Best 5th Ball,2,,First slime,
mLTP S27,Best 5th Ball,3,,GospelOfJuke,
mLTP S27,Most Improved,1,,Prime,
mLTP S27,Most Improved,2,,Spacetiger,
mLTP S27,Most Improved,3,,BertAndBort,
mLTP S27,FU GASP,1,,Flaccid trip,
mLTP S27,FU GASP,2,,IfYouSeekAmy,
mLTP S27,FU GASP,3,,TheEpicBlob,
mLTP S27,Position Change,1,,BertAndBort,
mLTP S27,Position Change,2,,Mr Awesome:),
mLTP S27,Position Change,3,,First,
mLTP S27,Best Defensive Pair,1,,Dude,
mLTP S27,Best Defensive Pair,1,,wet bat,
mLTP S27,Best Defensive Pair,2,,Acuraun,
mLTP S27,Best Defensive Pair,2,,dingbat,
mLTP S27,Best Defensive Pair,3,,Boo,
mLTP S27,Best Defensive Pair,3,,DJ Precum,
mLTP S27,Best Offensive Pair,1,,spacetiger,
mLTP S27,Best Offensive Pair,1,,jazzz,
mLTP S27,Best Offensive Pair,2,,Prime,
mLTP S27,Best Offensive Pair,2,,BertAndBort,
mLTP S27,Best Offensive Pair,3,,2P1S,
mLTP S27,Best Offensive Pair,3,,beast mode,
mLTP S27,Best Co-Captain,1,,I love HD,
mLTP S27,Best Co-Captain,2,,Asap,
mLTP S27,Best Co-Captain,3,,Kool aid,
mLTP S27,Most Cohesive Unit,1,Harlem Globebotters,,
mLTP S27,Most Cohesive Unit,2,Thundercaps,,
mLTP S27,Most Cohesive Unit,3,Rap Snitch tNISHes,,
mLTP S27,All-Star (Offense),1,,Prime,
mLTP S27,All-Star (Offense),2,,2P1S,
mLTP S27,All-Star (Offense),3,,BertAndBort,
mLTP S27,All-Star (Offense),4,,Spacetiger,
mLTP S27,All-Star (Offense),5,,RemoSlice,
mLTP S27,All-Star (Offense),6,,Kl,
mLTP S27,All-Star (Defense),1,,Boo,
mLTP S27,All-Star (Defense),2,,DudeMcGuy,
mLTP S27,All-Star (Defense),3,,Wet bat,
mLTP S27,All-Star (Defense),4,,Dingbat,
mLTP S27,All-Star (Defense),5,,Acuraun,
mLTP S27,All-Star (Defense),6,,Bluefoot,
NLTP S27,Most Valuable Ball,1,,Sweatypete,
NLTP S27,Most Valuable Ball,2,,First slime,
NLTP S27,Most Valuable Ball,3,,GospelOfJuke,
NLTP S27,Offensive Ball of the Season,1,,Sweatypete,
NLTP S27,Offensive Ball of the Season,2,,First slime,
NLTP S27,Offensive Ball of the Season,3,,Raja,
NLTP S27,Defensive Ball of the Season,1,,GospelOfJuke,
NLTP S27,Defensive Ball of the Season,2,,Black magic,
NLTP S27,Defensive Ball of the Season,3,,PrincessLeia,
NLTP S27,Offensive Rookie of the Season,1,,First slime,
NLTP S27,Offensive Rookie of the Season,2,,Raja,
NLTP S27,Offensive Rookie of the Season,3,,Feels Like,
NLTP S27,Defensive Rookie of the Season,1,,huuuuuuuuuuu,
NLTP S27,Defensive Rookie of the Season,2,,Bambi,
NLTP S27,Defensive Rookie of the Season,3,,Handro,
NLTP S27,Best Valued,1,,Sweatypete,
NLTP S27,Best Valued,2,,PrincessLeia,
NLTP S27,Best Valued,3,,Ducky,
NLTP S27,Well Rounded,1,,MC Ride,
NLTP S27,Well Rounded,2,,SilentOne,
NLTP S27,Well Rounded,3,,GospelOfJuke,
NLTP S27,Best Captain,1,,Flaccid trip,
NLTP S27,Best Captain,2,,jazzz,
NLTP S27,Best Captain,3,,JARVISLANDRY,
NLTP S27,Most Improved,1,,Sweatypete,
NLTP S27,Most Improved,2,,Scorch,
NLTP S27,Most Improved,3,,Farva,
NLTP S27,FU GASP,1,,huuuuuuuuuuu,
NLTP S27,FU GASP,2,,FragrantFowl,
NLTP S27,FU GASP,3,,Kelvin,
NLTP S27,Position Change,1,,Ducky,
NLTP S27,Position Change,2,,SilentOne,
NLTP S27,Position Change,3,,Penis Wings,
NLTP S27,Best Defensive Pair,1,,Gospelofjuke,
NLTP S27,Best Defensive Pair,1,,ducky,
NLTP S27,Best Defensive Pair,1,,perpndicular,
NLTP S27,Best Defensive Pair,1,,robiny,
NLTP S27,Best Defensive Pair,1,,cnr sport,
NLTP S27,Best Defensive Pair,2,,PrincessLeia,
NLTP S27,Best Defensive Pair,2,,MC Ride,
NLTP S27,Best Defensive Pair,2,,Handro,
NLTP S27,Best Defensive Pair,3,,Black magic,
NLTP S27,Best Defensive Pair,3,,JJIIZGOD,
NLTP S27,Best Defensive Pair,3,,Bambi,
NLTP S27,Best Offensive Pair,1,,First slime,
NLTP S27,Best Offensive Pair,1,,kelvin,
NLTP S27,Best Offensive Pair,1,,stedman,
NLTP S27,Best Offensive Pair,2,,Sweatypete,
NLTP S27,Best Offensive Pair,2,,ducky,
NLTP S27,Best Offensive Pair,2,,perpndicular,
NLTP S27,Best Offensive Pair,2,,Robiny,
NLTP S27,Best Offensive Pair,3,,Raja,
NLTP S27,Best Offensive Pair,3,,PASSTHEFLAG,
NLTP S27,Best Offensive Pair,3,,SilentOne,
NLTP S27,Best Co-Captain,1,,Jer32,
NLTP S27,Best Co-Captain,2,,Cel,
NLTP S27,Best Co-Captain,3,,DobisPR,
NLTP S27,Most Cohesive Unit,1,Miami Ballphins,,
NLTP S27,Most Cohesive Unit,2,American Corner Story,,
NLTP S27,Most Cohesive Unit,3,Ree Gees,,
NLTP S27,All-Star (Offense),1,,Sweatypete,
NLTP S27,All-Star (Offense),2,,Raja,
NLTP S27,All-Star (Offense),3,,First slime,
NLTP S27,All-Star (Offense),4,,Penis wings,
NLTP S27,All-Star (Offense),5,,STEEZE,
NLTP S27,All-Star (Defense),1,,GospelOfJuke,
NLTP S27,All-Star (Defense),2,,Black magic,
NLTP S27,All-Star (Defense),3,,Scorch,
NLTP S27,All-Star (Defense),4,,Dirty,
NLTP S27,All-Star (Defense),5,,PrincessLeia,
NLTP S27,Best Streamer,1,,I love HD,
NLTP S27,Best Streamer,2,,Mex,
NLTP S27,Best Streamer,3,,Hjalpa,
NLTP S27,Best Commentator,1,,Mex,
NLTP S27,Best Commentator,2,,I love HD,
NLTP S27,Best Commentator,3,,BallAnka,
NLTP S27,Behind the Scenes,1,,D0pe,
NLTP S27,Behind the Scenes,2,,Cheezedoodle,
NLTP S27,Behind the Scenes,3,,Spheroid.,
NLTP S27,Heart,1,,Bergieberg,
NLTP S27,Heart,1,,Boo,
NLTP S27,Heart,1,,Ducky,
NLTP S27,Heart,1,,DudeMcGuy,
NLTP S27,Heart,1,,Itagpro,
NLTP S27,Heart,1,,Mex,
NLTP S27,Heart,1,,Stedman,
NLTP S27,Heart,1,,Xile,
MLTP S36,Most Valuable Ball,1,,okthen,
MLTP S36,Most Valuable Ball,2,,meowza,
MLTP S36,Most Valuable Ball,3,,jig,
MLTP S36,Offensive Ball of the Season,1,,jig,
MLTP S36,Offensive Ball of the Season,2,,okthen,
MLTP S36,Offensive Ball of the Season,3,,Messi,
MLTP S36,Defensive Ball of the Season,1,,NameLEss,
MLTP S36,Defensive Ball of the Season,2,,meowza,
MLTP S36,Defensive Ball of the Season,3,,DudeMcGuy,
MLTP S36,Offensive Rookie of the Season,1,,KING KRULE,
MLTP S36,Offensive Rookie of the Season,1,,ball-e,
MLTP S36,Offensive Rookie of the Season,3,,Jer32,
MLTP S36,Defensive Rookie of the Season,1,,Russ,
MLTP S36,Defensive Rookie of the Season,2,,Wraith,
MLTP S36,Defensive Rookie of the Season,3,,Gman,
MLTP S36,Best Valued,1,,ball-e,
MLTP S36,Best Valued,2,,NameLEss,
MLTP S36,Best Valued,3,,Russ,
MLTP S36,Well Rounded,1,,meowza,
MLTP S36,Well Rounded,2,,okthen,
MLTP S36,Well Rounded,3,,Ty,
MLTP S36,Most Improved,1,,meowza,
MLTP S36,Most Improved,2,,DudeMcGuy,
MLTP S36,Most Improved,3,,Russ,
MLTP S36,FU GASP,1,,KING KRULE,
MLTP S36,FU GASP,2,,Bamboozler,
MLTP S36,FU GASP,3,,anti-re,
MLTP S36,Position Change,1,,eee,
MLTP S36,Position Change,2,,okthen,
MLTP S36,Best Captain,1,,meowza,
MLTP S36,Best Captain,2,,Fender,
MLTP S36,Best Captain,3,,Prime,
MLTP S36,Best Co-Captain,1,,okthen,
MLTP S36,Best Co-Captain,2,,jig,
MLTP S36,Best Offensive Pair,1,,Rina,
MLTP S36,Best Offensive Pair,1,,ball-e,
MLTP S36,Best Offensive Pair,2,,jig,
MLTP S36,Best Offensive Pair,2,,KING KRULE,
MLTP S36,Best Offensive Pair,3,,eee,
MLTP S36,Best Offensive Pair,3,,anti-re,
MLTP S36,Best Defensive Pair,1,,NameLEss,
MLTP S36,Best Defensive Pair,1,,joy.,
MLTP S36,Best Defensive Pair,2,,meowza,
MLTP S36,Best Defensive Pair,2,,yawn,
MLTP S36,Best Defensive Pair,3,,DudeMcGuy,
MLTP S36,Best Defensive Pair,3,,Russ,
MLTP S36,Most Cohesive Unit,1,Furballers,,
MLTP S36,Most Cohesive Unit,2,Arctag Icecaps,,
MLTP S36,Most Cohesive Unit,3,The Land Before Timers,,
MLTP S36,All-Star (Offense),1,,jig,0.839
MLTP S36,All-Star (Offense),2,,okthen,0.71
MLTP S36,All-Star (Offense),3,,Messi,0.645
MLTP S36,All-Star (Offense),4,,Rina,0.581
MLTP S36,All-Star (Offense),5,,Ty,0.548
MLTP S36,All-Star (Defense),1,,NameLEss,0.80
MLTP S36,All-Star (Defense),2,,meowza,0.70
MLTP S36,All-Star (Defense),3,,DudeMcGuy,0.667
MLTP S36,All-Star (Defense),4,,joy.,0.567
MLTP S36,All-Star (Defense),5,,Arbybear,0.40
MLTP S36,Behind the Scenes,1,,BallAnka,
MLTP S36,Behind the Scenes,1,,coos :),
MLTP S36,Behind the Scenes,2,,fender,
MLTP S36,Behind the Scenes,3,,Bamboozler,
MLTP S36,Best Streamer,1,,ft,
MLTP S36,Best Streamer,2,,Misery,
MLTP S36,Best Streamer,3,,BallAnka,
MLTP S36,Best Commentator,1,,ft,
MLTP S36,Best Commentator,2,,Misery,
MLTP S36,Best Commentator,3,,BallAnka,
MLTP S36,Heart,1,,BallAnka,
MLTP S36,Heart,1,,bubblez,
MLTP S36,Heart,1,,Trapsin,
MLTP S36,Heart,1,,timmysumball,
MLTP S36,Heart,1,,Bamboozler,
mLTP S36,Most Valuable Ball,1,,Tinderfella,
mLTP S36,Most Valuable Ball,2,,MarcusYallow,
mLTP S36,Most Valuable Ball,3,,yungdggrdick,
mLTP S36,Offensive Ball of the Season,1,,Tinderfella,
mLTP S36,Offensive Ball of the Season,2,,yungdggrdick,
mLTP S36,Offensive Ball of the Season,3,,jazzz,
mLTP S36,Defensive Ball of the Season,1,,Trapsin,
mLTP S36,Defensive Ball of the Season,2,,MarcusYallow,
mLTP S36,Defensive Ball of the Season,3,,Squeeb,
mLTP S36,Defensive Rookie of the Season,1,,PASSTHEFLAG,
mLTP S36,Defensive Rookie of the Season,2,,timo_tay,
mLTP S36,Defensive Rookie of the Season,3,,Mueller,
mLTP S36,Best Callup,1,,LOWTIERBALL,
mLTP S36,Best Callup,2,,Gamma,
mLTP S36,Best Callup,3,,Mueller,
mLTP S36,Best Valued,1,,MarcusYallow,
mLTP S36,Best Valued,2,,Trapsin,
mLTP S36,Best Valued,3,,PASSTHEFLAG,
mLTP S36,Well Rounded,1,,MarcusYallow,
mLTP S36,Well Rounded,2,,Alpha Jr.,
mLTP S36,Well Rounded,3,,Squeeb,
mLTP S36,Most Improved,1,,PASSTHEFLAG,
mLTP S36,Most Improved,2,,Trapsin,
mLTP S36,Most Improved,3,,MarcusYallow,
mLTP S36,FU GASP,1,,jazzz,
mLTP S36,FU GASP,2,,Wraith,
mLTP S36,FU GASP,3,,Poeticalto,
mLTP S36,Position Change,1,,MarcusYallow,
mLTP S36,Position Change,2,,PASSTHEFLAG,
mLTP S36,Position Change,3,,Wraith,
mLTP S36,Best Captain,1,,DAD.,
mLTP S36,Best Captain,2,,fender,
mLTP S36,Best Captain,3,,Mr Awesome:),
mLTP S36,Best Co-Captain,1,,Tinderfella,
mLTP S36,Best Co-Captain,2,,Vader,
mLTP S36,Best Co-Captain,3,,t h C,
mLTP S36,Best Offensive Pair,1,,yungdggrdick,
mLTP S36,Best Offensive Pair,1,,jazzz,
mLTP S36,Best Offensive Pair,2,,Tinderfella,
mLTP S36,Best Offensive Pair,2,,Borgus,
mLTP S36,Best Offensive Pair,3,,Irony,
mLTP S36,Best Offensive Pair,3,,beef,
mLTP S36,Best Defensive Pair,1,,Squeeb,
mLTP S36,Best Defensive Pair,1,,Trapsin,
mLTP S36,Best Defensive Pair,2,,MarcusYallow,
mLTP S36,Best Defensive Pair,2,,PASSTHEFLAG,
mLTP S36,Best Defensive Pair,3,,LogisticMap,
mLTP S36,Best Defensive Pair,3,,Poeticalto,
mLTP S36,Most Cohesive Unit,1,The Land Before Timers,,
mLTP S36,Most Cohesive Unit,2,FWO,,
mLTP S36,Most Cohesive Unit,3,The Mad Splatters,,
mLTP S36,All-Star (Offense),1,,Tinderfella,0.935
mLTP S36,All-Star (Offense),2,,yungdggrdick,0.774
mLTP S36,All-Star (Offense),3,,jazzz,0.742
mLTP S36,All-Star (Offense),4,,Halah,0.645
mLTP S36,All-Star (Offense),5,,#SelfySyntax,0.452
mLTP S36,All-Star (Defense),1,,MarcusYallow,0.813
mLTP S36,All-Star (Defense),2,,Trapsin,0.75
mLTP S36,All-Star (Defense),3,,PASSTHEFLAG,0.625
mLTP S36,All-Star (Defense),4,,Squeeb,0.594
mLTP S36,All-Star (Defense),5,,Taurus,0.563
NLTP S36,Most Valuable Ball,1,,RandyB0Bandy,
NLTP S36,Most Valuable Ball,2,,LiddiLidd,
NLTP S36,Most Valuable Ball,3,,Gamma,
NLTP S36,Offensive Ball of the Season,1,,RandyB0Bandy,
NLTP S36,Offensive Ball of the Season,2,,i am zeus,
NLTP S36,Offensive Ball of the Season,3,,kmichael,
NLTP S36,Defensive Ball of the Season,1,,LiddiLidd,
NLTP S36,Defensive Ball of the Season,2,,josh61616,
NLTP S36,Defensive Ball of the Season,3,,jkxs,
NLTP S36,Offensive Rookie of the Season,1,,kmichael,
NLTP S36,Offensive Rookie of the Season,2,,Karasu,
NLTP S36,Offensive Rookie of the Season,3,,The Buttons,
NLTP S36,Defensive Rookie of the Season,1,,LiddiLidd,
NLTP S36,Defensive Rookie of the Season,2,,Tumblewood,
NLTP S36,Best Valued,1,,LiddiLidd,
NLTP S36,Best Valued,2,,DiegoOnMac,
NLTP S36,Best Valued,3,,PASSTHEFLAG,
NLTP S36,Well Rounded,1,,Gamma,
NLTP S36,Well Rounded,2,,PASSTHEFLAG,
NLTP S36,Well Rounded,3,,kmichael,
NLTP S36,Most Improved,1,,kmichael,
NLTP S36,Most Improved,2,,PASSTHEFLAG,
NLTP S36,Most Improved,3,,o o l e r,
NLTP S36,FU GASP,1,,PASSTHEFLAG,
NLTP S36,FU GASP,1,,kmichael,
NLTP S36,FU GASP,3,,DiegoOnMac,
NLTP S36,FU GASP,3,,Karasu,
NLTP S36,Position Change,1,,Gamma,
NLTP S36,Position Change,2,,kmichael,
NLTP S36,Position Change,3,,Robiny,
NLTP S36,5th Ball,1,,o o l e r,
NLTP S36,5th Ball,2,,DiegoOnMac,
NLTP S36,5th Ball,3,,timmysumball,
NLTP S36,Best Captain,1,,fender,
NLTP S36,Best Captain,2,,Misery,
NLTP S36,Best Captain,3,,LogisticMap,
NLTP S36,Best Co-Captain,1,,Xx360NoSwagx,
NLTP S36,Best Co-Captain,1,,Russ,
NLTP S36,Best Co-Captain,3,,black magic,
NLTP S36,Best Offensive Pair,1,,RandyB0Bandy,
NLTP S36,Best Offensive Pair,1,,kmichael,
NLTP S36,Best Offensive Pair,1,,Snekster,
NLTP S36,Best Offensive Pair,2,,anom,
NLTP S36,Best Offensive Pair,2,,i am zeus,
NLTP S36,Best Offensive Pair,3,,bleast,
NLTP S36,Best Offensive Pair,3,,sweatypete,
NLTP S36,Best Defensive Pair,1,,josh61616,
NLTP S36,Best Defensive Pair,1,,LiddiLidd,
NLTP S36,Best Defensive Pair,1,,timmysumball,
NLTP S36,Best Defensive Pair,2,,Gamma,
NLTP S36,Best Defensive Pair,2,,Tumblewood,
NLTP S36,Best Defensive Pair,3,,Seconskin,
NLTP S36,Best Defensive Pair,3,,DYD,
NLTP S36,Best Defensive Pair,3,,Mueller,
NLTP S36,Most Cohesive Unit,1,Heart of the Hold,,
NLTP S36,Most Cohesive Unit,2,The Land Before Timers,,
NLTP S36,Most Cohesive Unit,3,That Time I Got Reincarnated as a Ball,,
NLTP S36,All-Star (Offense),1,,RandyB0Bandy,0.818
NLTP S36,All-Star (Offense),2,,i am zeus,0.50
NLTP S36,All-Star (Offense),3,,LOWTIERBALL,0.409
NLTP S36,All-Star (Offense),4,,kmichael,0.409
NLTP S36,All-Star (Offense),5,,bleast,0.318
NLTP S36,All-Star (Defense),1,,LiddiLidd,0.739
NLTP S36,All-Star (Defense),2,,josh61616,0.609
NLTP S36,All-Star (Defense),3,,Tumblewood,0.348
NLTP S36,All-Star (Defense),4,,jkxs,0.304
NLTP S36,All-Star (Defense),4,,o o l e r,0.304
NLTP S36,All-Star (Defense),4,,PASSTHEFLAG,0.304
NLTP S13,All-Star (Offense),1,,BallsToYou.,0.8239
NLTP S13,All-Star (Offense),2,,baIl-e,0.8125
NLTP S13,All-Star (Offense),3,,AK 47,0.7614
NLTP S13,All-Star (Offense),4,,McBooty,0.7386
NLTP S13,All-Star (Offense),5,,A$AP Caplord,0.7159
NLTP S13,All-Star (Offense),6,,Ball-erina,0.6534
NLTP S13,All-Star (Offense),7,,Clue Balls,0.4318
NLTP S13,All-Star (Offense),8,,mudkip,0.4091
NLTP S13,All-Star (Defense),1,,Ben Ballace,0.8409
NLTP S13,All-Star (Defense),2,,Cognito,0.8125
NLTP S13,All-Star (Defense),3,,Gargantua,0.8125
NLTP S13,All-Star (Defense),4,,tits,0.7159
NLTP S13,All-Star (Defense),5,,Moechtestdu,0.6307
NLTP S13,All-Star (Defense),6,,Taurus,0.5852
NLTP S13,All-Star (Defense),7,,NameLEss,0.5114
NLTP S13,All-Star (Defense),8,,Crowman,0.4432
NLTP B S13,All-Star (Offense),1,,steeze.,0.7500
NLTP B S13,All-Star (Offense),2,,chucky,0.7188
NLTP B S13,All-Star (Offense),3,,Harry Kane,0.5625
NLTP B S13,All-Star (Offense),4,,Tinderfella,0.5000
NLTP B S13,All-Star (Offense),5,,Creta Petram,0.4375
NLTP B S13,All-Star (Offense),6,,Bric,0.4375
NLTP B S13,All-Star (Offense),7,,alharrington,0.4375
NLTP B S13,All-Star (Offense),8,,Edd,0.4063
NLTP B S13,All-Star (Defense),1,,Darth,0.7500
NLTP B S13,All-Star (Defense),2,,gh0st,0.6563
NLTP B S13,All-Star (Defense),3,,kwib,0.6563
NLTP B S13,All-Star (Defense),4,,Whiskey Jack,0.6563
NLTP B S13,All-Star (Defense),5,,H.D.,0.5938
NLTP B S13,All-Star (Defense),6,,Jed Bartlet,0.4688
NLTP B S13,All-Star (Defense),7,,Seconskin,0.4063
NLTP B S13,All-Star (Defense),8,,Kooler,0.3750
NLTP S14,All-Star (Offense),1,,A$AP Caplord,0.8710
NLTP S14,All-Star (Offense),2,,Gargantua,0.8550
NLTP S14,All-Star (Offense),3,,DanP,0.7900
NLTP S14,All-Star (Offense),4,,RAMMSTEIN,0.7900
NLTP S14,All-Star (Offense),5,,Ball-erina,0.5650
NLTP S14,All-Star (Offense),6,,Vader,0.5320
NLTP S14,All-Star (Offense),7,,haha kill me,0.4350
NLTP S14,All-Star (Offense),8,,RAZGRIZ,0.3870
NLTP S14,All-Star (Defense),1,,NameLEss,0.7670
NLTP S14,All-Star (Defense),2,,karlwithak,0.7500
NLTP S14,All-Star (Defense),3,,ess,0.6500
NLTP S14,All-Star (Defense),4,,Omar,0.6170
NLTP S14,All-Star (Defense),5,,Gram Parsons,0.5500
NLTP S14,All-Star (Defense),6,,BUTTSNAKE,0.5000
NLTP S14,All-Star (Defense),7,,fortytwo,0.4670
NLTP S14,All-Star (Defense),8,,Slowpolka,0.4670
NLTP B S14,All-Star (Offense),1,,$T,0.6790
NLTP B S14,All-Star (Offense),2,,linux,0.5890
NLTP B S14,All-Star (Offense),3,,RandyB0Bandy,0.5540
NLTP B S14,All-Star (Offense),4,,T-Swift!,0.5540
NLTP B S14,All-Star (Offense),5,,CarrotCake,0.4820
NLTP B S14,All-Star (Offense),6,,logi,0.3930
NLTP B S14,All-Star (Offense),7,,CatPuke,0.3390
NLTP B S14,All-Star (Offense),8,,Adarssh,0.2860
NLTP B S14,All-Star (Offense),9,,slobonmyknob,0.2860
NLTP B S14,All-Star (Defense),1,,Cheezedoodle,0.6140
NLTP B S14,All-Star (Defense),2,,Makin Bacon,0.5960
NLTP B S14,All-Star (Defense),3,,gh0st,0.5610
NLTP B S14,All-Star (Defense),4,,H.D.,0.5260
NLTP B S14,All-Star (Defense),5,,Boo Caw Key,0.4040
NLTP B S14,All-Star (Defense),6,,kwib,0.3680
NLTP B S14,All-Star (Defense),7,,superdiglett,0.3510
NLTP B S14,All-Star (Defense),8,,11th Cmndmnt,0.3510
NLTP S15,All-Star (Offense),1,,rake,0.631
NLTP S15,All-Star (Offense),2,,Dusk,0.615
NLTP S15,All-Star (Offense),3,,Gargantua,0.600
NLTP S15,All-Star (Offense),4,,McBooty,0.585
NLTP S15,All-Star (Offense),5,,BallsToYou.,0.554
NLTP S15,All-Star (Offense),6,,Ball-erina,0.523
NLTP S15,All-Star (Offense),7,,SpaceTiger,0.477
NLTP S15,All-Star (Offense),8,,laserpig,0.308
NLTP S15,All-Star (Defense),1,,Kaleb Song,0.708
NLTP S15,All-Star (Defense),2,,TheBob18,0.692
NLTP S15,All-Star (Defense),3,,Gryff,0.600
NLTP S15,All-Star (Defense),4,,a$ap.,0.569
NLTP S15,All-Star (Defense),5,,Cheezedoodle,0.554
NLTP S15,All-Star (Defense),6,,yep,0.492
NLTP S15,All-Star (Defense),7,,Crony,0.431
NLTP S15,All-Star (Defense),8,,grumpy,0.338
NLTP B S15,All-Star (Offense),1,,Adarssh,0.708
NLTP B S15,All-Star (Offense),2,,stevepotato,0.667
NLTP B S15,All-Star (Offense),3,,HAKA II,0.500
NLTP B S15,All-Star (Offense),4,,T-Swift!,0.500
NLTP B S15,All-Star (Offense),5,,Galvatron,0.500
NLTP B S15,All-Star (Offense),6,,Thundercock,0.396
NLTP B S15,All-Star (Offense),7,,Flaccid Trip,0.396
NLTP B S15,All-Star (Offense),8,,LogisticMap,0.333
NLTP B S15,All-Star (Defense),1,,kwib,0.600
NLTP B S15,All-Star (Defense),2,,Moon River,0.560
NLTP B S15,All-Star (Defense),3,,DwarfFortres,0.500
NLTP B S15,All-Star (Defense),4,,360broscope,0.480
NLTP B S15,All-Star (Defense),5,,Yakkit,0.480
NLTP B S15,All-Star (Defense),6,,CA$H.,0.400
NLTP B S15,All-Star (Defense),7,,i love HD,0.380
NLTP B S15,All-Star (Defense),8,,clew3,0.360
MLTP S10,Best Individual Offensive Performance,1,,LEBRON*JAMES,
MLTP S10,Best Individual Offensive Performance,2,,Stojakovic,
MLTP S10,Best Individual Offensive Performance,3,,ProTagonist_,
MLTP S10,Best Individual Defensive Performance,1,,GriefSeeds,
MLTP S10,Best Individual Defensive Performance,2,,DEATH PICKLE,
MLTP S10,Best Individual Defensive Performance,3,,Abe Lincoln,
MLTP S10,Best Roster Move,1,,Dalek,
MLTP S10,Best Roster Move,2,,TroBall,
MLTP S10,Best Roster Move,3,,okthen,
MLTP S10,Most Notable Disappearance,1,,Fatal,
MLTP S10,Most Notable Disappearance,2,,YAC,
MLTP S10,Most Notable Disappearance,3,,Tpr,
MLTP S12,Best Individual Offensive Performance,1,,caramelbaays,
MLTP S12,Best Individual Offensive Performance,2,,toasty.,
MLTP S12,Best Individual Offensive Performance,3,,Mr. Hat,
MLTP S12,Best Individual Defensive Performance,1,,Iblis,
MLTP S12,Best Individual Defensive Performance,2,,Abe Lincoln,
MLTP S12,Best Individual Defensive Performance,3,,Neon,
MLTP S12,Most Notable Disappearance,1,,boop,
MLTP S12,Most Notable Disappearance,2,,spud,
MLTP S12,Most Notable Disappearance,3,,Randy Marsh,
MLTP S12,Best Roster Move,1,,intercest,
MLTP S12,Best Roster Move,2,,LEBRON*JAMES,
MLTP S12,Best Roster Move,3,,LEBRON*JAMES,
MLTP S12,All-Star (Offense),1,,Ball God,
MLTP S12,All-Star (Offense),2,,Mr. Hat,
MLTP S12,All-Star (Offense),3,,intercest,
MLTP S12,All-Star (Offense),4,,okthen,
MLTP S12,All-Star (Offense),5,,toasty.,
MLTP S12,All-Star (Defense),1,,Iblis,
MLTP S12,All-Star (Defense),2,,Neon,
MLTP S12,All-Star (Defense),3,,Abe Lincoln,
MLTP S12,All-Star (Defense),4,,xXw3Edl0rdXx,
MLTP S13,Best Individual Offensive Performance,1,,toasty.,
MLTP S13,Best Individual Offensive Performance,2,,WarriOrs,
MLTP S13,Best Individual Offensive Performance,3,,intercest,
MLTP S13,Best Individual Offensive Performance,3,,protag,
MLTP S13,Best Individual Defensive Performance,1,,Frothy,
MLTP S13,Best Individual Defensive Performance,2,,MEX,
MLTP S13,Best Individual Defensive Performance,3,,C Bivvey,
MLTP S13,Best Individual Defensive Performance,3,,Daffodil,
MLTP S13,Most Notable Disappearance,1,,Neon,
MLTP S13,Most Notable Disappearance,2,,Dalek,
MLTP S13,Most Notable Disappearance,3,,DEATH PICLE,
MLTP S13,Best Roster Move,1,,Ball God,
MLTP S13,Best Roster Move,2,,Tantrew,
mLTP S10,Best Individual Offensive Performance,1,,Wanye,
mLTP S10,Best Individual Offensive Performance,2,,Gman8181,
mLTP S10,Best Individual Offensive Performance,3,,Apopalypse,
mLTP S10,Best Individual Defensive Performance,1,,KOBE*BRYANT,
mLTP S10,Best Individual Defensive Performance,2,,Dank Sniper,
mLTP S10,Best Individual Defensive Performance,3,,Frozty,
mLTP S11,Best Individual Offensive Performance,1,,Sun Chips,
mLTP S11,Best Individual Offensive Performance,2,,Milky,
mLTP S11,Best Individual Offensive Performance,3,,okthen,
mLTP S11,Best Individual Defensive Performance,1,,Bal McCartny,
mLTP S11,Best Individual Defensive Performance,2,,Genesis,
mLTP S11,Best Individual Defensive Performance,3,,slide,
mLTP S11,Most Notable Disappearance,1,,Abe,
mLTP S11,Most Notable Disappearance,2,,Maurice,
mLTP S11,Most Notable Disappearance,3,,timeboy,
mLTP S12,Best Individual Offensive Performance,1,,DANK SNIPER,
mLTP S12,Best Individual Offensive Performance,2,,caramelbaays,
mLTP S12,Best Individual Offensive Performance,3,,Curry,
mLTP S12,Best Individual Defensive Performance,1,,Frothy,
mLTP S12,Best Individual Defensive Performance,2,,MEX,
mLTP S12,Best Individual Defensive Performance,3,,Epiphany,
mLTP S12,All-Star (Offense),1,,Bamboozler,
mLTP S12,All-Star (Offense),2,,DANK SNIPER,
mLTP S12,All-Star (Offense),3,,Mufro,
mLTP S12,All-Star (Offense),4,,Belle,
mLTP S12,All-Star (Defense),1,,Frothy,
mLTP S12,All-Star (Defense),2,,MEX,
mLTP S12,All-Star (Defense),3,,q42,
mLTP S12,All-Star (Defense),4,,alchemist,
mLTP S13,Best Individual Offensive Performance,1,,gg!,
mLTP S13,Best Individual Offensive Performance,2,,veezy,
mLTP S13,Best Individual Offensive Performance,3,,Waynee,
mLTP S13,Best Individual Defensive Performance,1,,badger,
mLTP S13,Best Individual Defensive Performance,2,,quibble,
mLTP S13,Best Individual Defensive Performance,3,,Hawaii,
mLTP S13,Best Individual Defensive Performance,3,,#Frozen,
mLTP S13,Best Individual Defensive Performance,3,,Genesis,
NLTP S7,Best Defensive Pairing,1,,WarpedPotato,
NLTP S7,Best Defensive Pairing,1,,q42,
NLTP S7,Best Defensive Pairing,2,,Genesis,
NLTP S7,Best Defensive Pairing,2,,Ferret,
NLTP S7,Best Defensive Pairing,3,,Doris,
NLTP S7,Best Defensive Pairing,3,,Puggins,
NLTP S7,Best Offensive Pairing,1,,NEUhusky,
NLTP S7,Best Offensive Pairing,1,,DT,
NLTP S7,Best Offensive Pairing,2,,Tantrew,
NLTP S7,Best Offensive Pairing,2,,MEGATRON,
NLTP S7,Best Offensive Pairing,3,,DUBSTEP,
NLTP S7,Best Offensive Pairing,3,,Shabba,
NLTP S7,Random Stat,1,,Tiger,
NLTP S7,Random Stat,2,,DobisPR,
NLTP S7,Random Stat,2,,andhecapd,
NLTP S7,Random Stat,3,,Gargantua,
NLTP S7,Disappearance,1,,bigbadball,
NLTP S7,Disappearance,2,,Texoccer,
NLTP S7,Disappearance,3,,SirDan,
NLTP S7,Deceiving Record,1,,Kitten Panda,
NLTP S7,Deceiving Record,1,,Elegant,
NLTP S7,Deceiving Record,1,,Spheroid.,
NLTP S7,Best Co-Captain,1,,j0ules,
NLTP S7,Best Co-Captain,1,,pineapple,
NLTP S7,Best Co-Captain,2,,Have Mad,
NLTP S7,Best Co-Captain,3,,MEGATRON,
NLTP S7,Best Rocky Division Captain,1,,B.I.G.money,
NLTP S7,Best Rocky Division Captain,2,,Ferret,
NLTP S7,Best Cascades Division Captain,1,,Bamboozler,
NLTP S7,Best Cascades Division Captain,2,,G1nseng,
NLTP S7,Best Ozark Division Captain,1,,JDoeMonopoly,
NLTP S7,Best Ozark Division Captain,2,,Warden,
NLTP S7,Best Blue Ridge Division Captain,1,,JBB,
NLTP S7,Best Blue Ridge Division Captain,2,,no name,
NLTP S7,Best Adirondack Division Captain,1,,Thick Shady,
NLTP S7,Best Adirondack Division Captain,2,,Ajax,
NLTP S7,Best Allegheny Division Captain,1,,#Frozen,
NLTP S7,Best Allegheny Division Captain,2,,Elegant,
NLTP S7,Community Contributor,1,,Supersans,
NLTP S7,Community Contributor,2,,Bamboozler,
NLTP S9,Best Offensive Performance,1,,Acapuck,
NLTP S9,Best Offensive Performance,2,,Beef Jukie,
NLTP S9,Best Offensive Performance,3,,Ron Hextball,
NLTP S9,Best Defensive Performance,1,,Doris,
NLTP S9,Best Defensive Performance,2,,elsie,
NLTP S9,Best Defensive Performance,3,,fenix funk 5,
NLTP S9,Best Defensive Performance,3,,thick shady,
NLTP S9,Best Captain (Northeast),1,,BallGasol,0.453
NLTP S9,Best Captain (Northeast),2,,Dance,0.299
NLTP S9,Best Captain (Northeast),3,,Prjct,0.197
NLTP S9,Best Captain (Atlantic),1,,Ron Hextball,0.421
NLTP S9,Best Captain (Atlantic),2,,WarpedPotato,0.237
NLTP S9,Best Captain (Atlantic),3,,juke dough,0.175
NLTP S9,Best Captain (Central),1,,The Tyrant,0.419
NLTP S9,Best Captain (Central),2,,Poeticalto,0.248
NLTP S9,Best Captain (Central),3,,JDoeMonopoly,0.179
NLTP S9,Best Captain (Pacific),1,,glide,0.368
NLTP S9,Best Captain (Pacific),2,,Trituin,0.351
NLTP S9,Best Captain (Pacific),3,,STRFKR,0.158
NLTP S10,Best Offensive Performance,1,,Crossover,
NLTP S10,Best Offensive Performance,2,,THE DOT,
NLTP S10,Best Offensive Performance,3,,phreak,
NLTP S10,Best Defensive Performance,1,,Squeeb,
NLTP S10,Best Defensive Performance,2,,Anze Capitar,
NLTP S10,Best Defensive Performance,3,,Gargantua,
NLTP S10,Fuck You and Your GASP,1,,fractal,
NLTP S10,Fuck You and Your GASP,2,,ball.i.am,
NLTP S10,Fuck You and Your GASP,2,,El Chapo,
NLTP S10,Fuck You and Your GASP,2,,Carp,
NLTP S10,Best Northeast Captain,1,,Sir Cle Jerk,
NLTP S10,Best Northeast Captain,2,,bigbadball,
NLTP S10,Best Northeast Captain,3,,fxu,
NLTP S10,Best Atlantic Captain,1,,Tiger,
NLTP S10,Best Atlantic Captain,2,,ChelseaFC,
NLTP S10,Best Atlantic Captain,2,,fractal,
NLTP S10,Best Central Captain,1,,coos :),
NLTP S10,Best Central Captain,2,,Hjalpa,
NLTP S10,Best Central Captain,3,,Poeticalto,
NLTP S10,Best Central Captain,3,,bluejays,
NLTP S10,Best Pacific Captain,1,,STRFKR,
NLTP S10,Best Pacific Captain,2,,Squeeb,
NLTP S10,Best Pacific Captain,3,,Ashmungashma,
NLTP S10,Best S10 Captain,1,,Tiger,
NLTP S10,Best S10 Captain,2,,coos :),
NLTP S10,Best S10 Captain,3,,bigbadball,
NLTP S10,Best S10 Captain,3,,Sir Cle Jerk,
NLTP S10,Best S10 Captain,3,,fxu,
NLTP S10,Best S10 Captain,3,,STRFKR,
NLTP B S7,Random Stat,1,,Raspberry,
NLTP B S7,Random Stat,1,,ballgasol,
NLTP B S7,Deceiving Record,1,,STRFKR,
NLTP B S8,Best Offensive Performance,1,,Juke Dough,
NLTP B S8,Best Offensive Performance,2,,Rattpack,
NLTP B S8,Best Offensive Performance,2,,-,
NLTP B S8,Best Defensive Performance,1,,Osy,
NLTP B S8,Best Defensive Performance,2,,Carp,
NLTP B S8,Best Defensive Performance,3,,Hawaii,
NLTP B S8,Best Atlantic Cocaptain,1,,Tantrew,
NLTP B S8,Best Atlantic Cocaptain,2,,Warden,
NLTP B S8,Best Atlantic Cocaptain,3,,Snekster,
NLTP B S8,Best Northeast Cocaptain,1,,Dance,
NLTP B S8,Best Northeast Cocaptain,2,,BusinessBird,
NLTP B S8,Best Northeast Cocaptain,3,,Devious,
NLTP B S8,Best Central Cocaptain,1,,eldenn,
NLTP B S8,Best Central Cocaptain,1,,TagProfessor,
NLTP B S8,Best Central Cocaptain,3,,Tim Hortons,
NLTP B S8,Best Pacific Cocaptain,1,,d0pe,
NLTP B S8,Best Pacific Cocaptain,2,,Ranger,
NLTP B S8,Best Pacific Cocaptain,3,,Fapst3r,
NLTP B S8,Best S8 Cocaptain,1,,Dance,
NLTP B S8,Best S8 Cocaptain,2,,Tantrew,
NLTP B S8,Best S8 Cocaptain,2,,BusinessBird,
NLTP B S8,Best S8 Cocaptain,2,,d0pe,
NLTP B S9,Best Offensive Performance,1,,FURY.,0.264
NLTP B S9,Best Offensive Performance,2,,Lumberjack,0.167
NLTP B S9,Best Offensive Performance,2,,Suchit,0.167
NLTP B S9,Best Defensive Performance,1,,ButtSnake,0.213
NLTP B S9,Best Defensive Performance,2,,Herbert.,0.147
NLTP B S9,Best Defensive Performance,3,,Herbert.,0.120
NLTP B S9,Best Defensive Performance,3,,Herbert.,0.120
NLTP B S11,Best Offensive Performance,1,,Breesus,
NLTP B S11,Best Offensive Performance,2,,gghob,
NLTP B S11,Best Offensive Performance,3,,Catbabel,
NLTP B S11,Best Defensive Performance,1,,Pavement,
NLTP B S11,Best Defensive Performance,2,,llamatron,
NLTP B S11,Best Defensive Performance,3,,CA$H.,
NLTP B S11,All-Star (Offense),1,,Breesus,
NLTP B S11,All-Star (Offense),2,,gghob,
NLTP B S11,All-Star (Offense),3,,DragonBeast,
NLTP B S11,All-Star (Offense),4,,IfYouSeekAmy,
NLTP B S11,All-Star (Offense),5,,Off constant,
NLTP B S11,All-Star (Offense),6,,CatBabel97,
NLTP B S11,All-Star (Defense),1,,Pavement,
NLTP B S11,All-Star (Defense),2,,llamatron,
NLTP B S11,All-Star (Defense),3,,CatBabel97,
NLTP B S11,All-Star (Defense),4,,Garfield,
NLTP B S11,All-Star (Defense),5,,CA$H.,
NLTP B S12,Best Offensive Performance,1,,Carrrrrl,
NLTP B S12,Best Offensive Performance,2,,Balled Eagle,
NLTP B S12,Best Offensive Performance,3,,BusinessBird,
NLTP B S12,Best Defensive Performance,1,,Tplattapus,
NLTP B S12,Best Defensive Performance,2,,Makin Bacon,
NLTP B S12,Best Defensive Performance,3,,sass,
NLTP B S12,All-Star (Offense),1,,Carrrrrl,
NLTP B S12,All-Star (Offense),2,,Love4Cannons,
NLTP B S12,All-Star (Offense),3,,THE DOT,
NLTP B S12,All-Star (Offense),4,,Ball-erina,
NLTP B S12,All-Star (Offense),5,,BallsToYou.,
NLTP B S12,All-Star (Offense),6,,Ez,
NLTP B S12,All-Star (Offense),7,,Balled Eagle,
NLTP B S12,All-Star (Offense),8,,RAZGRIZ,
NLTP B S12,All-Star (Defense),1,,Trituin,
NLTP B S12,All-Star (Defense),2,,kool aid,
NLTP B S12,All-Star (Defense),3,,Tplattapus,
NLTP B S12,All-Star (Defense),4,,Sass,
NLTP B S12,All-Star (Defense),5,,h.D.,
NLTP B S12,All-Star (Defense),6,,Gram Parsons,
NLTP B S12,All-Star (Defense),7,,Makin Bacon,
NLTP B S12,All-Star (Defense),8,,LifeOfBrian
